mitochondrial_genomic_position	northern	southern
1	535	A	T
2	597	T	C
3	942	T	C
4	999	C	T
5	1018	T	A
6	1184	A	G
7	1365	A	T
8	1694	C	T
9	1844	G	A
10	2060	C	T
11	2369	A	C
12	3289	C	T
13	3310	T	C
14	3976	G	A
15	4015	G	A
16	4343	A	C
17	4480	C	T
18	4612	G	A
19	4707	A	T
20	4769	A	G
21	4802	A	G
22	4814	T	C
23	5003	T	C
24	5560	A	G
25	5585	G	A
26	5606	A	T
27	5645	A	G
28	5757	C	T
29	6127	G	A
30	6482	A	G
31	6583	C	A
32	6986	G	T
33	7106	C	A
34	7115	T	C
35	7265	T	C
36	7642	C	T
37	7853	C	T
38	8255	G	A
39	8384	C	T
40	8465	C	T
41	8782	G	A
42	8992	G	A
43	9202	G	A
44	9299	A	C
45	9495	A	G
46	9594	T	C
47	9709	T	A
48	9911	C	T
49	9921	G	A
50	9927	A	T
51	10161	C	T
52	10209	C	T
53	10231	A	G
54	10612	A	G
55	10635	C	T
56	10740	T	C
57	10761	G	A
58	11085	C	T
59	11505	A	T
60	11729	T	A
61	11855	T	C
62	11982	T	A
63	12503	G	A
64	12885	C	T
65	13316	G	A
66	14863	C	T
67	14879	C	T
68	14916	C	A
69	14984	G	A
70	14992	T	C
71	15023	G	A
72	15875	C	T
